Date,삼성전자,SK하이닉스,NAVER,카카오,POSCO홀딩스
2023-01-02,52343.4140625,73773.6328125,177569.359375,52564.02734375,251230.671875
2023-01-03,52249.10546875,73676.171875,176580.109375,53162.48046875,251230.671875
2023-01-04,54512.59375,78938.7734375,180537.09375,55556.2890625,253539.796875
2023-01-05,54889.85546875,79328.5859375,183999.453125,57551.12890625,257234.390625
2023-01-06,55644.35546875,80985.3359375,183010.1875,57052.41796875,264161.71875
2023-01-09,57247.66796875,83811.515625,194386.5,60942.359375,266932.59375
2023-01-10,56964.72265625,84298.8046875,190924.140625,60543.390625,268779.875
2023-01-11,57059.03515625,85078.453125,192902.640625,61740.29296875,269703.5625
2023-01-12,57059.03515625,84591.1640625,191913.40625,61341.32421875,268779.875
2023-01-13,57341.98046875,83519.1484375,192902.640625,61840.03515625,281710.875
2023-01-16,57624.9140625,83616.6171875,198343.484375,64333.5859375,287252.71875
2023-01-17,57530.60546875,83811.515625,191418.78125,61640.55078125,282172.71875
2023-01-18,56964.72265625,82934.4296875,193397.265625,61441.06640625,277092.75
2023-01-19,58002.16015625,83324.2578125,193891.890625,60643.12890625,277554.53125
2023-01-20,58285.10546875,85370.828125,193891.890625,61042.09765625,284943.65625
2023-01-25,59699.7890625,89074.1171875,199827.359375,62438.484375,284943.65625
2023-01-26,60171.3515625,89074.1171875,199827.359375,62438.484375,290023.6875
2023-01-27,60925.84765625,89171.5703125,209225.171875,64533.0703125,287714.59375
2023-01-30,59699.7890625,88391.921875,204773.578125,63136.6796875,287714.59375
2023-01-31,57907.84765625,86247.90625,204773.578125,61740.29296875,280325.46875
2023-02-01,57530.60546875,89074.1171875,203289.71875,62039.515625,280325.46875
2023-02-02,59888.41796875,89074.1171875,203289.71875,64333.5859375,280325.46875
2023-02-03,59888.41796875,89853.7578125,209225.171875,67026.6171875,280325.46875
2023-02-06,58096.4765625,86832.6484375,213182.140625,65031.77734375,276169.0625
2023-02-07,58473.7265625,88489.3828125,217139.125,68423.0078125,275245.375
2023-02-08,59511.1640625,92485.0546875,228020.8125,68921.7109375,275245.375
2023-02-09,59699.7890625,92485.0546875,227526.1875,68921.7109375,282634.53125
2023-02-10,59322.54296875,91120.6640625,227526.1875,67425.5859375,277092.75
2023-02-13,59322.54296875,88294.4765625,220601.484375,64134.1015625,281249.125
2023-02-14,59605.4765625,91023.2109375,221590.734375,64832.29296875,283558.1875
2023-02-15,58662.35546875,89366.4609375,213182.140625,63435.90625,300645.5625
2023-02-16,60077.03515625,90535.9453125,218128.359375,64034.35546875,303878.25
2023-02-17,59039.60546875,89658.8359375,213182.140625,63136.6796875,308496.53125
2023-02-20,59133.9140625,90146.140625,216644.5,64034.35546875,319580.21875
2023-02-21,58568.0390625,88879.203125,213182.140625,62937.1953125,319580.21875
2023-02-22,57624.9140625,86832.6484375,209225.171875,62039.515625,306649.25
2023-02-23,58473.7265625,90341.03125,211203.671875,62338.74609375,306187.40625
2023-02-24,57813.5390625,88684.2890625,205762.828125,61640.55078125,297412.8125
2023-02-27,57059.03515625,87709.75,205762.828125,61740.29296875,294641.84375
2023-02-28,57153.35546875,87124.984375,206257.4375,62239.0,293718.28125
2023-03-02,57341.98046875,85858.09375,203784.328125,61042.09765625,311267.4375
2023-03-03,57059.03515625,85078.453125,203289.71875,60842.61328125,306649.25
2023-03-06,58002.16015625,87417.390625,212192.890625,63435.90625,304340.125
2023-03-07,57247.66796875,86637.7265625,208730.546875,61341.32421875,309420.15625
2023-03-08,56870.4140625,84591.1640625,200321.96875,58947.515625,303878.25
2023-03-09,56681.7890625,83421.7109375,199827.359375,58847.7734375,297874.65625
2023-03-10,56115.9140625,81180.234375,197651.015625,57950.09375,296027.375
2023-03-13,56587.4765625,82154.7890625,200321.96875,60643.12890625,302031.03125
2023-03-14,55644.35546875,79036.2109375,193891.890625,59246.7421875,291870.9375
2023-03-15,56398.84765625,77087.1171875,194287.59375,59147.0,301569.21875
2023-03-16,56493.16796875,76989.6484375,194980.046875,59745.453125,298336.46875
2023-03-17,57813.5390625,81862.4140625,195870.375,60044.6796875,296489.15625
2023-03-20,56776.10546875,81570.046875,199332.734375,60842.61328125,294641.84375
2023-03-21,56870.4140625,81472.59375,198343.484375,60742.875,294641.84375
2023-03-22,57624.9140625,84688.6171875,204773.578125,62538.23046875,304801.9375
2023-03-23,58756.65625,86247.90625,201805.84375,61441.06640625,303878.25
2023-03-24,59416.84765625,85078.453125,200321.96875,61241.58203125,297412.8125
2023-03-27,58568.0390625,83324.2578125,197156.390625,60543.390625,306649.25
2023-03-28,59322.54296875,86150.453125,197354.234375,60543.390625,313114.78125
2023-03-29,59133.9140625,84688.6171875,196958.546875,60244.16015625,314962.0
2023-03-30,59950.640625,86840.0625,198838.09375,59944.9375,315892.5
2023-03-31,60709.51171875,86644.4765625,199827.359375,60942.359375,342410.6875
2023-04-03,59855.78515625,85275.375,196068.21875,60044.6796875,364741.8125
2023-04-04,60330.078125,82634.9609375,198838.09375,60543.390625,341480.21875
2023-04-05,60614.65234375,82732.765625,197057.484375,60343.90625,347528.25
2023-04-06,59096.91796875,81950.4140625,189835.984375,58448.8046875,337293.125
2023-04-07,61658.09765625,87133.453125,191319.84375,58448.8046875,343806.40625
2023-04-10,62322.109375,88698.125,190924.140625,57950.09375,370789.84375
2023-04-11,62511.82421875,89773.8515625,197749.9375,59147.0,369394.1875
2023-04-12,62606.6875,88306.9609375,195870.375,58548.546875,378233.5625
2023-04-13,62701.54296875,86742.2734375,194287.59375,59346.48046875,364276.625
2023-04-14,61752.9609375,87329.0234375,196859.625,60343.90625,387073.0
2023-04-17,61942.6796875,86546.6875,194881.125,59944.9375,394051.4375
2023-04-18,62227.25390625,85666.5625,190726.3125,58847.7734375,385677.28125
2023-04-19,62132.390625,86253.3125,189341.359375,58448.8046875,383351.0625
2023-04-20,61942.6796875,85764.34375,189539.21875,57750.609375,381024.96875
2023-04-21,62322.109375,87133.453125,188253.203125,57750.609375,368463.65625
2023-04-24,61847.81640625,85275.375,187956.421875,57052.41796875,370789.84375
2023-04-25,60330.078125,83612.90625,184098.359375,55855.515625,353111.03125
2023-04-26,60804.375,85470.984375,186076.859375,56354.22265625,345667.3125
2023-04-27,61278.6640625,86840.0625,186175.765625,55656.03125,360089.53125
2023-04-28,62132.390625,87524.609375,190231.671875,57950.09375,350784.84375
2023-05-02,62322.109375,88209.1640625,191122.0,58349.0625,355437.21875
2023-05-03,62037.53515625,87818.0078125,190528.453125,58149.578125,353576.25
2023-05-04,61752.9609375,86742.2734375,193990.8125,57052.41796875,352645.84375
2023-05-08,62511.82421875,86742.2734375,204773.578125,57551.12890625,341945.46875
2023-05-09,61942.6796875,85373.1796875,208730.546875,57351.64453125,346132.5625
2023-05-10,61278.6640625,84982.0,207741.3125,56354.22265625,340549.84375
2023-05-11,60899.234375,84395.2421875,208730.546875,55855.515625,337293.125
2023-05-12,60804.375,85275.375,211203.671875,56453.96875,338223.625
2023-05-15,61183.8125,84493.0390625,209719.8125,56653.453125,342410.6875
2023-05-16,62037.53515625,88404.7578125,205268.1875,55955.25390625,344736.84375
2023-05-17,61658.09765625,89871.640625,210709.03125,57551.12890625,344271.59375
2023-05-18,62796.3984375,91534.1328125,210214.40625,57052.41796875,347063.03125
2023-05-19,64883.29296875,95152.46875,214171.390625,57750.609375,339154.09375
2023-05-22,64978.1484375,96032.6015625,212687.53125,57750.609375,343341.125
2023-05-23,64883.29296875,95739.2265625,209719.8125,57850.35546875,350784.84375
2023-05-24,64978.1484375,95543.625,200816.59375,56653.453125,345202.09375
2023-05-25,65262.734375,101215.6171875,203784.328125,56553.70703125,339619.34375
2023-05-26,66685.59375,106789.8046875,200321.96875,56453.96875,335432.25
2023-05-30,68582.78125,107865.53125,199332.734375,56653.453125,337758.40625
2023-05-31,67729.046875,106203.0625,197354.234375,56055.0,334966.9375
2023-06-01,67254.75,107865.53125,201805.84375,55955.25390625,335897.4375
2023-06-02,68487.9140625,107865.53125,202300.453125,57052.41796875,350319.65625
2023-06-05,68013.6484375,106300.84375,202300.453125,56952.67578125,360554.75
2023-06-07,67349.6171875,105616.28125,202795.078125,57251.90234375,361485.25
2023-06-08,67254.75,107278.7578125,198343.484375,56354.22265625,361019.96875
2023-06-09,68298.2109375,112852.9609375,198343.484375,56254.484375,366602.71875
2023-06-12,67349.6171875,112266.203125,198343.484375,56453.96875,364276.625
2023-06-13,68298.2109375,116862.4609375,198838.09375,56254.484375,362415.65625
2023-06-14,68203.359375,116177.921875,197057.484375,55556.2890625,364276.625
2023-06-15,67823.90625,116373.5,198343.484375,53760.93359375,359159.0625
2023-06-16,68108.5,116275.7109375,200321.96875,53461.70703125,365672.28125
2023-06-19,67539.3359375,112266.203125,196463.90625,52364.54296875,365207.0625
2023-06-20,67729.046875,113537.5234375,196365.0,51566.609375,359159.0625
2023-06-21,66875.3359375,112559.5859375,187857.5,50369.70703125,355902.40625
2023-06-22,67634.203125,111483.859375,189242.4375,50170.22265625,368463.65625
2023-06-23,67918.7734375,111092.6953125,186868.25,49571.76953125,364741.8125
2023-06-26,68677.6484375,110994.90625,186868.25,49870.9921875,372185.5625
2023-06-27,68867.359375,110505.9296875,183900.515625,49222.671875,375442.1875
2023-06-28,68962.21875,111777.25,182812.359375,48873.57421875,362415.65625
2023-06-29,69020.3671875,113934.3359375,181835.75,48873.57421875,362883.90625
2023-06-30,68829.6953125,112953.859375,181240.859375,48973.31640625,363352.125
2023-07-03,69592.3671875,115307.0625,187685.421875,50868.4140625,376462.78125
2023-07-04,69592.3671875,115601.1953125,187090.546875,49821.125,376930.96875
2023-07-05,68639.0390625,114424.609375,184909.3125,48723.96484375,377399.21875
2023-07-06,68257.703125,111581.140625,193832.546875,50768.671875,368970.96875
2023-07-07,66637.0625,109620.1484375,193336.8125,49721.3828125,374589.84375
2023-07-10,66255.7421875,108149.3984375,191552.15625,49721.3828125,371780.4375
2023-07-11,68162.375,111188.9453125,195716.34375,50569.19140625,369439.25
2023-07-12,68543.7109375,113149.953125,200277.109375,51466.86328125,390978.125
2023-07-13,68543.7109375,111875.2890625,197996.71875,51766.09375,404088.75
2023-07-14,69973.6875,115699.2578125,202755.78125,52663.7734375,418604.125
2023-07-17,69878.34375,114914.8515625,204738.734375,52564.02734375,447634.8125
2023-07-18,68639.0390625,115503.1484375,207217.390625,51666.34765625,456999.625
2023-07-19,68353.0546875,115209.0078125,202755.78125,50269.9609375,467769.09375
2023-07-20,67685.71875,114620.703125,202755.78125,50369.70703125,465896.09375
2023-07-21,67018.390625,112855.8046875,204242.984375,50469.4453125,515997.5
2023-07-24,67113.7265625,111777.2421875,201268.578125,49721.3828125,601216.5625
2023-07-25,66732.3984375,111188.9453125,199285.625,48723.96484375,616200.25
2023-07-26,66541.734375,110796.7421875,196013.796875,47676.671875,589978.9375
2023-07-27,68353.0546875,121582.2734375,209696.078125,50469.4453125,556265.9375
2023-07-28,67304.3828125,125504.28125,209200.34375,50469.4453125,579677.6875
2023-07-31,66541.734375,120993.9765625,225063.875,51167.640625,601216.5625
2023-08-01,67781.046875,122660.828125,231012.703125,54758.3515625,581550.75
2023-08-02,66637.0625,117170.0,225559.609375,53062.7421875,547837.625
2023-08-03,65588.421875,117660.2578125,221098.0,53162.48046875,554393.0
2023-08-04,65111.76171875,117758.3125,221593.71875,51666.34765625,556265.9375
2023-08-07,65302.4140625,119523.203125,232499.90625,52564.02734375,525362.1875
2023-08-08,64444.43359375,116287.5390625,221098.0,51666.34765625,559075.375
2023-08-09,65683.75,116189.515625,225559.609375,52663.7734375,559075.375
2023-08-10,64825.76953125,116189.515625,223080.9375,52464.2890625,560011.875
2023-08-11,64349.09375,113051.9140625,220106.515625,51466.86328125,540345.8125
2023-08-14,64158.4375,112659.6953125,219115.046875,50569.19140625,540345.8125
2023-08-16,63872.4375,113542.1484375,220602.25,50170.22265625,511315.0625
2023-08-17,63586.44140625,112561.6484375,216140.640625,49122.93359375,517870.40625
2023-08-18,63205.12109375,114914.8515625,210687.546875,48324.99609375,514124.46875
2023-08-21,63491.109375,114130.4375,212670.484375,48275.12109375,515997.5
2023-08-22,63491.109375,114228.5,219115.046875,48524.48046875,524425.6875
2023-08-23,63967.7734375,113738.265625,213661.953125,48773.8359375,515997.5
2023-08-24,65016.4296875,118542.71875,227046.8125,48973.31640625,542218.75
2023-08-25,63967.7734375,114228.5,209200.34375,47975.8984375,540345.8125
2023-08-28,63681.7734375,113640.2109375,211679.03125,47876.15625,555329.4375
2023-08-29,63681.7734375,116287.5390625,216140.640625,48474.60546875,545964.625
2023-08-30,63967.7734375,117071.953125,215644.90625,48873.57421875,543155.375
2023-08-31,63777.10546875,119425.1640625,212670.484375,47975.8984375,542218.75
2023-09-01,67685.71875,117660.2578125,212670.484375,48823.703125,524425.6875
2023-09-04,67876.3828125,116875.859375,209696.078125,48973.31640625,552519.9375
2023-09-05,67399.71875,117071.953125,210191.828125,48773.8359375,559075.375
2023-09-06,66732.3984375,115895.359375,212174.75,48923.44921875,543155.375
2023-09-07,67113.7265625,116189.515625,214653.4375,48624.21875,531917.625
2023-09-08,67018.390625,111483.0859375,213166.234375,48125.5078125,545964.625
2023-09-11,67495.0546875,113640.2109375,209696.078125,48125.5078125,533790.5625
2023-09-12,67209.0625,114424.609375,217627.84375,48275.12109375,511315.0625
2023-09-13,67590.3984375,116189.515625,220106.515625,47676.671875,495395.0625
2023-09-14,68353.0546875,119817.359375,223576.671875,48175.3828125,517870.40625
2023-09-15,68639.0390625,120013.4609375,227542.5625,48723.96484375,546901.1875
2023-09-18,66923.0546875,116679.7578125,219610.796875,48474.60546875,564694.25
2023-09-19,66541.734375,116875.859375,217627.84375,47726.5390625,555329.4375
2023-09-20,66351.0703125,115699.2578125,215644.90625,46978.48046875,556265.9375
2023-09-21,65683.75,114228.5,208208.875,45532.21875,540345.8125
2023-09-22,65588.421875,115012.90625,206225.9375,44933.765625,532854.0625
2023-09-25,66160.3984375,114718.75,204738.734375,44684.41015625,504759.78125
2023-09-26,65739.7109375,113047.609375,199285.625,43637.12109375,501466.84375
2023-09-27,65548.0546875,112752.7109375,199781.375,43836.60546875,503348.5
2023-10-04,64685.5703125,113440.8359375,189569.234375,41492.66796875,480768.40625
2023-10-05,63918.93359375,118159.3359375,187784.578125,40744.6015625,480768.40625
2023-10-06,63248.1171875,118355.9453125,189271.78125,41941.5078125,483590.9375
2023-10-10,63631.44140625,117471.21875,189569.234375,41293.18359375,463833.3125
2023-10-11,65356.38671875,117176.3203125,191353.859375,42539.95703125,477005.0625
2023-10-12,66027.2109375,122091.4296875,191948.75,43537.37890625,487354.28125
2023-10-13,65164.73828125,122582.9375,190164.109375,43088.5390625,481709.25
2023-10-16,64493.9140625,121993.1171875,188082.015625,43038.671875,477005.0625
2023-10-17,66506.34375,127792.9609375,186892.25,42689.57421875,473241.75
2023-10-18,67560.5,127792.9609375,184711.015625,41692.15234375,470419.15625
2023-10-19,66602.1875,123565.96875,179852.8125,40395.50390625,448779.90625
2023-10-20,65931.3828125,124057.46875,178663.03125,38949.24609375,426199.78125
2023-10-23,65548.0546875,121894.8203125,176779.25,37852.0859375,426199.78125
2023-10-24,65643.875,124647.2890625,185405.046875,39497.828125,445957.4375
2023-10-25,65164.73828125,125335.40625,187487.125,38849.50390625,419143.46875
2023-10-26,63918.93359375,117962.7265625,180348.53125,37552.859375,396563.34375
2023-10-27,64493.9140625,117078.015625,183818.6875,37652.6015625,397974.65625
2023-10-30,64493.9140625,117078.015625,184512.71875,37901.95703125,407383.0
2023-10-31,64110.59375,114325.5390625,185801.625,37702.47265625,387154.96875
2023-11-01,65739.7109375,118257.6484375,186099.078125,37502.98828125,378687.46875
2023-11-02,66793.859375,123172.75,189172.625,38450.53515625,402208.40625
2023-11-03,66698.0078125,123664.265625,198789.90625,41193.44140625,412087.21875
2023-11-06,67943.8203125,130742.0234375,203747.265625,44584.671875,491117.625
2023-11-07,67943.8203125,128186.171875,198789.90625,43637.12109375,437019.4375
2023-11-08,66985.515625,125433.7109375,195716.34375,43836.60546875,429492.71875
2023-11-09,67368.8203125,125826.9140625,196509.515625,45482.34765625,433256.09375
2023-11-10,67560.5,128284.46875,193039.359375,45532.21875,421025.1875
2023-11-13,67464.65625,129562.390625,190957.28125,44883.89453125,425258.9375
2023-11-14,67847.9921875,127792.9609375,196906.09375,46230.4140625,443605.3125
2023-11-15,69189.609375,131823.359375,203747.265625,48175.3828125,445957.4375
2023-11-16,69764.59375,130053.8984375,201268.578125,48075.63671875,439371.53125
2023-11-17,69477.1015625,127694.65625,200277.109375,47377.4453125,436078.59375
2023-11-20,69668.7578125,129169.1875,200772.84375,47676.671875,444075.71875
2023-11-21,69764.59375,129759.0,202755.78125,49122.93359375,445957.4375
2023-11-22,69764.59375,129070.890625,205730.1875,50170.22265625,444075.71875
2023-11-23,69381.2734375,127891.2578125,203747.265625,50170.22265625,446898.21875
2023-11-24,68710.46875,125826.9140625,203747.265625,50369.70703125,444546.15625
2023-11-27,68327.140625,128481.0625,204242.984375,49721.3828125,440312.34375
2023-11-28,69668.7578125,129169.1875,205730.1875,50968.15625,449720.78125
2023-11-29,69668.7578125,128186.171875,205730.1875,50369.70703125,454424.90625
2023-11-30,69764.59375,131626.75,206225.9375,50369.70703125,454424.90625
2023-12-01,68997.9453125,130348.8203125,204242.984375,49571.76953125,445957.4375
2023-12-04,69572.9375,128874.28125,208704.59375,50668.9296875,446898.21875
2023-12-05,68231.3046875,123762.5625,211183.28125,50668.9296875,433256.09375
2023-12-06,68710.46875,123467.65625,211679.03125,50369.70703125,424788.53125
2023-12-07,68518.7890625,123467.65625,210687.546875,50369.70703125,420554.75
2023-12-08,69572.9375,125335.40625,215644.90625,51566.609375,443605.3125
2023-12-11,69956.265625,126711.6328125,215644.90625,51965.578125,439371.53125
2023-12-12,70435.3984375,128775.984375,211679.03125,51666.34765625,440312.34375
2023-12-13,69764.59375,128972.6015625,211679.03125,50768.671875,426199.78125
2023-12-14,70052.078125,134379.234375,221098.0,54159.8984375,433726.4375
2023-12-15,70243.734375,137623.1875,224072.40625,54758.3515625,451602.4375
2023-12-18,69860.4296875,137623.1875,221098.0,53760.93359375,460540.40625
2023-12-19,70339.578125,135853.75,220602.25,53661.19140625,466655.84375
2023-12-20,71681.2109375,138114.6875,218619.3125,53561.44921875,466655.84375
2023-12-21,71872.859375,138114.6875,214653.4375,52663.7734375,457717.875
2023-12-22,72735.34375,138213.0,213166.234375,52663.7734375,452072.8125
2023-12-26,73406.1484375,138507.90625,213661.953125,52264.8046875,445486.9375
2023-12-27,75101.7265625,138310.875,221911.484375,53262.22265625,463362.90625
2023-12-28,75583.140625,139394.515625,222906.609375,54159.8984375,469948.78125
2024-01-02,76642.2734375,140281.140625,226389.53125,57750.609375,459129.125
2024-01-03,74138.8828125,134764.453125,220916.375,56453.96875,444546.15625
2024-01-04,73753.7421875,134370.390625,221911.484375,57052.41796875,441723.65625
2024-01-05,73753.7421875,135454.046875,219423.6875,55656.03125,451602.4375
2024-01-08,73657.4609375,133976.359375,225394.40625,57052.41796875,441723.65625
2024-01-09,71924.34375,135355.515625,228379.765625,58548.546875,433256.09375
2024-01-10,70865.2109375,131513.546875,229872.4375,59047.2578125,423847.65625
2024-01-11,70480.078125,133976.359375,230370.0,60643.12890625,424788.53125
2024-01-12,70383.7890625,132104.640625,229374.875,60244.16015625,421966.03125
2024-01-15,71154.0703125,132104.640625,228379.765625,60942.359375,415850.5625
2024-01-16,69902.375,130134.390625,228877.328125,59446.2265625,411616.8125
2024-01-17,68361.828125,129050.765625,217931.015625,57351.64453125,394211.28125
2024-01-18,69035.8125,134173.375,215443.21875,56653.453125,397033.8125
2024-01-19,71924.34375,139197.484375,214448.09375,57451.38671875,389977.53125
2024-01-22,72309.4765625,140478.15625,215940.78125,56254.484375,374924.09375
2024-01-23,72405.7578125,138704.921875,216935.890625,57551.12890625,379157.875
2024-01-24,71250.3515625,139394.515625,216935.890625,56553.70703125,376335.375
2024-01-25,71346.625,135355.515625,212457.859375,55855.515625,376335.375
2024-01-26,70672.6484375,133976.359375,215443.21875,56453.96875,388095.8125
2024-01-29,71635.4921875,132991.234375,210965.1875,55157.3203125,397974.65625
2024-01-30,71539.203125,134862.984375,208477.390625,54159.8984375,403149.25
2024-01-31,69998.6484375,132695.6875,199521.3125,52364.54296875,400797.125
2024-02-01,70865.2109375,130725.4453125,201511.5625,52564.02734375,411146.375
2024-02-02,72405.7578125,132892.71875,220418.8125,56154.73828125,422436.46875
2024-02-05,71539.203125,130331.3984375,206984.703125,54858.09765625,420084.3125
2024-02-06,71635.4921875,135946.59375,204496.90625,53860.67578125,411146.375
2024-02-07,72213.1953125,135946.59375,203501.796875,53661.19140625,422906.875
2024-02-08,71346.625,140675.171875,204994.46875,53860.67578125,426199.78125
2024-02-13,72405.7578125,147768.03125,203999.359375,54558.8671875,412087.21875
2024-02-14,71250.3515625,146487.375,201511.5625,54758.3515625,407383.0
2024-02-15,70480.078125,146684.4375,203004.234375,59147.0,413028.09375
2024-02-16,70094.9375,144615.671875,203999.359375,58249.32421875,415850.5625
2024-02-19,71057.78125,149048.703125,202506.671875,58049.83984375,418202.6875
2024-02-20,70576.359375,147374.0,201511.5625,58548.546875,413968.90625
2024-02-21,70287.5078125,146782.921875,201511.5625,57850.35546875,412087.21875
2024-02-22,70383.7890625,154171.3125,201014.0,57750.609375,410675.9375
2024-02-23,70191.21875,158998.390625,199521.3125,56952.67578125,409735.09375
2024-02-26,70094.9375,159392.453125,198924.25,56952.67578125,406912.59375
2024-02-27,70191.21875,151511.5,199023.765625,56653.453125,401737.9375
2024-02-28,70480.078125,155649.0,203004.234375,55516.16796875,414040.90625
2024-02-29,70672.6484375,153875.796875,194048.171875,53219.63671875,408362.625
2024-03-04,72116.90625,164022.515625,191062.8125,53019.9375,433441.6875
2024-03-05,70961.4921875,163332.9375,187778.921875,51622.05078125,423031.53125
2024-03-06,70191.21875,160476.09375,188873.546875,51821.74609375,415933.59375
2024-03-07,69517.2265625,162446.359375,188077.453125,52820.23828125,419246.0
2024-03-08,70576.359375,169342.15625,187082.328125,53119.7890625,420665.59375
2024-03-11,69709.8046875,164121.03125,188973.0625,54517.67578125,413567.75
2024-03-12,70576.359375,163234.421875,189570.125,55715.8671875,425870.6875
2024-03-13,71346.625,161165.6875,187480.375,54517.67578125,423977.90625
2024-03-14,71539.203125,159490.953125,185888.1875,54817.22265625,418299.625
2024-03-15,69613.515625,158801.390625,185191.609375,54018.4296875,411674.9375
2024-03-18,70094.9375,161855.265625,183201.375,52920.08984375,415933.59375
2024-03-19,70094.9375,157816.28125,181708.6875,51921.59765625,408362.625
2024-03-20,74042.59375,154171.3125,182206.25,52820.23828125,403630.78125
2024-03-21,76353.40625,167470.453125,183499.90625,53519.18359375,405050.3125
2024-03-22,75968.2890625,167273.4375,187977.9375,53519.18359375,405523.53125
2024-03-25,75294.28125,166879.375,187082.328125,53718.8828125,408835.8125
2024-03-26,76931.109375,173972.234375,187977.9375,54817.22265625,405996.6875
2024-03-27,76834.8359375,178503.78125,188375.984375,54717.375,405050.3125
2024-03-28,78151.2265625,175839.5625,186186.734375,54317.9765625,400766.59375
2024-03-29,79698.7734375,180575.96875,186485.265625,53619.03515625,401718.53125
2024-04-01,79311.890625,183042.875,193351.578125,53718.8828125,397910.75
2024-04-02,82213.53125,183832.28125,191062.8125,51122.8046875,389819.28125
2024-04-03,81343.0390625,176826.296875,192455.96875,50923.10546875,379347.9375
2024-04-04,82503.703125,185509.765625,193351.578125,49225.66796875,382203.75
2024-04-05,81729.9296875,180378.609375,192157.4375,48676.49609375,375540.21875
2024-04-08,81729.9296875,178799.8125,188973.0625,49075.89453125,383631.65625
2024-04-09,80859.4375,180477.296875,188077.453125,49175.7421875,384107.625
2024-04-11,81343.0390625,185904.46875,182703.8125,47977.55078125,380775.84375
2024-04-12,80956.140625,184917.703125,184992.578125,47777.85546875,376016.15625
2024-04-15,79505.3359375,185707.109375,181907.71875,47678.00390625,371732.40625
2024-04-16,77377.4453125,176727.640625,178623.828125,46679.51171875,362213.03125
2024-04-17,76313.5,176332.921875,178723.328125,46829.28515625,353169.625
2024-04-18,76990.546875,179885.25,179817.96875,49025.96875,371256.46875
2024-04-19,75056.1171875,171004.46875,181509.671875,48526.72265625,367924.65625
2024-04-22,73605.296875,169326.984375,180016.984375,48926.12109375,376016.15625
2024-04-23,73024.9765625,168734.953125,179220.890625,47428.3828125,372684.34375
2024-04-24,76023.34375,177418.375,182803.328125,48027.4765625,376968.0625
2024-04-25,73798.7265625,168340.21875,181808.203125,47328.53125,373636.3125
2024-04-26,74185.625,175444.84375,180614.0625,47228.68359375,375540.21875
2024-04-29,74185.625,173570.015625,183798.4375,48426.875,387439.4375
2024-04-30,74959.3984375,171892.546875,183499.90625,48526.72265625,385535.5625
2024-05-02,75443.015625,171300.484375,187878.421875,48227.17578125,379823.9375
2024-05-03,75056.1171875,170905.796875,193650.125,49125.81640625,384107.625
2024-05-07,78634.8359375,177221.03125,193849.140625,49625.0625,386963.46875
2024-05-08,78634.8359375,175642.203125,189968.171875,49724.9140625,384107.625
2024-05-09,77087.2890625,173076.65625,187380.875,48526.72265625,378872.03125
2024-05-10,76603.671875,177517.03125,187679.40625,47727.9296875,381727.8125
2024-05-13,75829.8984375,181365.390625,183400.390625,46929.13671875,379823.9375
2024-05-14,75733.171875,182845.53125,183499.90625,46579.6640625,382203.75
2024-05-16,75636.453125,190443.515625,187579.890625,46729.4375,383155.71875
2024-05-17,74862.671875,187384.59375,186385.75,46379.96484375,378872.03125
2024-05-20,76313.5,187581.9375,183101.859375,45980.56640625,381727.8125
2024-05-21,75829.8984375,189456.765625,182305.765625,45880.71875,374588.28125
2024-05-22,75152.84375,195081.265625,181708.6875,45730.9453125,371732.40625
2024-05-23,75733.171875,197350.796875,181211.140625,45381.47265625,368876.65625
2024-05-24,73411.8515625,195969.359375,178126.265625,44382.98046875,363165.0
2024-05-27,74669.234375,198830.953125,178126.265625,45780.87109375,369828.5625
2024-05-28,75056.1171875,199817.6875,176534.078125,45032.0,364592.90625
2024-05-29,72734.796875,199817.6875,174444.328125,43684.03515625,356025.46875
2024-05-30,71090.53125,193107.734375,169568.25,43584.1875,351741.71875
2024-05-31,71090.53125,186693.859375,169369.21875,43234.71484375,351265.71875
2024-06-03,73218.40625,191627.625,171857.015625,44233.20703125,356025.46875
2024-06-04,72831.5234375,190739.53125,175937.0,44532.75390625,356977.375
2024-06-05,74862.671875,191134.234375,176235.53125,44482.828125,362689.03125
2024-06-07,74765.953125,204751.453125,174543.84375,44183.28125,367924.65625
2024-06-10,73218.40625,205244.828125,169866.78125,43035.015625,358881.28125
2024-06-11,72734.796875,209685.203125,169369.21875,43084.94140625,361737.09375
2024-06-12,73992.1796875,212152.109375,167578.0,42985.08984375,358881.28125
2024-06-13,76023.34375,219059.390625,169070.6875,43584.1875,356977.375
2024-06-14,76990.546875,218072.65625,169070.6875,43833.80859375,361737.09375
2024-06-17,75539.734375,220046.140625,165289.234375,42336.0703125,353169.625
2024-06-18,77184.0,231393.8125,165985.8125,42236.22265625,350313.8125
2024-06-19,78538.09375,230407.046875,167080.453125,42735.46875,355073.46875
2024-06-20,78924.9921875,234354.078125,166383.859375,42336.0703125,353169.625
2024-06-21,77377.4453125,230900.453125,166781.90625,43084.94140625,348885.875
2024-06-24,77957.78125,220046.140625,168075.5625,41986.59765625,348409.90625
2024-06-25,78151.2265625,222019.640625,165587.765625,40938.18359375,348885.875
2024-06-26,78634.8359375,233860.71875,167578.0,41537.27734375,346506.03125
2024-06-27,79277.015625,233663.109375,164592.65625,40339.0859375,344588.96875
2024-06-28,79179.8515625,233663.109375,166085.328125,40588.7109375,347943.8125
2024-07-01,79471.3203125,232675.078125,162104.859375,40938.18359375,355132.75
2024-07-02,79471.3203125,229217.078125,159119.5,39939.69140625,350340.09375
2024-07-03,79471.3203125,233169.109375,159019.984375,40039.5390625,355132.75
2024-07-04,82191.6171875,227241.078125,159019.984375,40239.23828125,359446.09375
2024-07-05,84620.4375,233169.109375,167279.46875,41437.4296875,361363.15625
2024-07-08,84911.90625,230699.078125,169667.75,42336.0703125,361842.40625
2024-07-09,85300.5234375,235639.109375,169866.78125,42385.99609375,357529.03125
2024-07-10,85300.5234375,236133.09375,176633.59375,42685.54296875,353215.71875
2024-07-11,85106.203125,238109.109375,175240.421875,42286.14453125,375261.6875
2024-07-12,81997.3046875,230205.078125,173946.765625,42186.296875,375741.0
2024-07-15,84231.828125,227241.078125,175439.4375,41836.82421875,369989.84375
2024-07-16,85203.359375,230205.078125,170762.390625,40838.33203125,357529.03125
2024-07-17,84231.828125,217855.015625,172553.59375,41137.87890625,350340.09375
2024-07-18,84426.1328125,209950.984375,174046.28125,41087.95703125,351298.625
2024-07-19,81997.3046875,206986.953125,171359.453125,41287.65234375,355132.75
2024-07-22,80637.1640625,202540.9375,171857.015625,40988.10546875,346985.28125
2024-07-23,81511.53125,202540.9375,169767.265625,38791.421875,340275.59375
2024-07-24,79665.6328125,205998.953125,170861.890625,39490.3671875,332128.21875
2024-07-25,78111.1796875,187720.859375,177131.140625,40488.859375,340754.90625
2024-07-26,78596.9375,189499.28125,173946.765625,39739.9921875,341713.4375
2024-07-29,78888.3984375,193253.71875,174145.796875,39889.765625,347943.8125
2024-07-30,78694.1015625,186634.078125,172454.09375,38991.12109375,344588.96875
2024-07-31,81511.53125,192265.71875,173150.671875,39140.89453125,336920.78125
2024-08-01,80734.3046875,190981.296875,174145.796875,39739.9921875,347464.53125
2024-08-02,77333.9453125,171122.40625,170563.359375,39490.3671875,341713.4375
2024-08-05,69367.3828125,154227.515625,155338.046875,36245.26953125,301455.46875
2024-08-06,70436.078125,161736.359375,157626.8125,37942.70703125,316791.8125
2024-08-07,72573.4453125,167269.171875,161905.828125,38242.25390625,312478.46875
2024-08-08,71310.453125,161439.953125,161905.828125,38392.02734375,305768.8125
2024-08-09,72573.4453125,169442.78125,162900.953125,36944.21484375,311999.21875
2024-08-12,73350.6796875,174876.828125,159517.546875,37044.0625,313916.25
2024-08-13,73933.5859375,179718.046875,155636.578125,36345.1171875,311040.65625
2024-08-14,75002.2734375,184460.46875,156532.1875,36744.515625,318708.875
2024-08-16,77916.8671875,197304.515625,156731.203125,36494.890625,316791.8125
2024-08-19,76070.9609375,191574.109375,155835.609375,36594.7421875,309123.65625
2024-08-20,76653.875,197304.515625,155835.609375,36444.96484375,309602.90625
2024-08-21,76070.9609375,190289.6875,155636.578125,36544.81640625,316791.8125
2024-08-22,76070.9609375,188807.671875,163896.0625,37493.3828125,332607.40625
2024-08-23,75488.0390625,183274.859375,164095.09375,37393.53515625,325897.8125
2024-08-26,73933.5859375,177445.640625,169866.78125,38641.6484375,330690.375
2024-08-27,73642.125,172900.8125,167080.453125,37942.70703125,331648.90625
2024-08-28,74225.0390625,177149.25,163000.453125,37093.98828125,322542.96875
2024-08-29,71893.3671875,167664.375,164095.09375,36944.21484375,328294.0625
2024-08-30,72184.8359375,171616.421875,168274.59375,37143.91015625,325897.8125
2024-09-02,72281.9765625,171912.78125,165786.796875,36844.36328125,345068.25
2024-09-03,70436.078125,166281.171875,164493.140625,36145.41796875,344109.6875
2024-09-04,68007.2421875,152943.109375,156731.203125,34098.51171875,333086.71875
2024-09-05,67035.7109375,157487.9375,159019.984375,34398.05859375,328294.0625
2024-09-06,66938.5625,154523.921875,156432.671875,33948.734375,316312.5625
2024-09-09,65578.4140625,155116.71875,154243.40625,33948.734375,316791.8125
2024-09-10,64315.41796875,153634.734375,158223.890625,33998.66015625,317271.09375
2024-09-11,63052.43359375,155314.328125,155636.578125,34398.05859375,327814.84375
2024-09-12,64412.57421875,166775.171875,159219.0,35296.69921875,343630.46875
2024-09-13,62566.66796875,160847.140625,159318.515625,35546.32421875,354653.4375
2024-09-19,61303.671875,150967.09375,159816.078125,35246.77734375,359925.34375
2024-09-20,61206.51953125,155215.515625,159119.5,34847.37890625,359446.09375
2024-09-23,60817.90625,160056.75,165886.296875,35446.47265625,363759.4375
2024-09-24,61400.828125,161538.75,167179.953125,36045.5703125,369510.59375
2024-09-25,60429.29296875,163317.171875,165388.75,35795.9453125,359446.09375
2024-09-26,62858.125,178730.03125,170065.796875,36694.58984375,367114.28125
2024-09-27,62722.32421875,181896.890625,169568.25,36594.7421875,372903.21875
2024-09-30,60084.46484375,172792.171875,168573.125,36095.49609375,371455.96875
2024-10-02,59889.0703125,167349.109375,167378.984375,35945.71875,362290.15625
2024-10-04,59205.18359375,172297.34375,169866.78125,36644.6640625,356018.8125
2024-10-07,59595.9765625,182985.5,165289.234375,36694.58984375,365667.0
2024-10-08,58912.0859375,176156.953125,165388.75,36944.21484375,362772.59375
2024-10-10,57544.30859375,184766.890625,171558.484375,37293.68359375,358430.90625
2024-10-11,57935.10546875,184074.140625,172454.09375,37343.609375,354089.1875
2024-10-14,57935.10546875,184074.140625,172454.09375,37343.609375,354089.1875
2024-10-15,59595.9765625,190902.6875,174344.8125,37593.234375,340099.3125
2024-10-16,58130.5,186746.171875,176136.03125,37543.30859375,335275.1875
2024-10-17,58325.8984375,193970.59375,174145.796875,37293.68359375,330451.125
2024-10-18,57837.40625,185360.671875,175937.0,38441.953125,332863.125
2024-10-21,57642.01171875,188923.390625,175937.0,39340.59375,331415.875
2024-10-22,56371.9296875,185855.484375,170364.34375,37293.68359375,319838.03125
2024-10-23,57739.703125,193970.59375,171658.0,37643.15625,329968.65625
2024-10-24,55297.25,196147.8125,171259.9375,37393.53515625,327556.625
2024-10-25,54613.35546875,198918.8125,166980.9375,36444.96484375,323697.3125
2024-10-28,56762.72265625,193970.59375,169568.25,37393.53515625,337204.875
2024-10-29,58228.1953125,188329.609375,168374.09375,37293.68359375,334310.375
2024-10-30,57739.703125,192980.921875,173548.71875,37293.68359375,328039.0625
2024-10-31,57837.40625,184371.015625,169170.203125,36894.2890625,323697.3125
2024-11-01,56958.1171875,180313.46875,168871.65625,36095.49609375,325144.59375
2024-11-04,57348.9140625,191991.28125,174842.375,37293.68359375,332863.125
2024-11-05,56274.23046875,191199.578125,175638.46875,37693.08203125,327556.625
2024-11-06,55981.13671875,193772.671875,175439.4375,36494.890625,311154.6875
2024-11-07,55981.13671875,193772.671875,178822.84375,36494.890625,311154.6875
2024-11-08,55688.04296875,198423.984375,173747.734375,34947.2265625,308742.625
2024-11-11,53734.08203125,190605.78125,175140.90625,33649.1875,300541.65625
2024-11-12,51780.109375,183876.203125,180514.546875,33199.8671875,294270.3125
2024-11-13,49435.3515625,181006.21875,181310.640625,33349.640625,278833.1875
2024-11-14,48751.46484375,171208.734375,187579.890625,32750.544921875,299094.40625
2024-11-15,52268.59765625,176354.890625,189072.578125,33998.66015625,267737.75
2024-11-18,55394.94140625,169922.1875,189868.671875,35047.078125,279798.0
2024-11-19,55004.15234375,168833.578125,192057.921875,36195.34375,280762.8125
2024-11-20,54027.171875,168833.578125,192157.4375,35446.47265625,284622.09375
2024-11-21,55101.84765625,167052.21875,188774.03125,35097.00390625,293305.5
2024-11-22,54711.05859375,174870.421875,189072.578125,35995.64453125,292823.0625
2024-11-25,56567.32421875,175167.3125,192256.953125,36095.49609375,290893.4375
2024-11-26,56958.1171875,175266.28125,194645.234375,36944.21484375,291858.28125
2024-11-27,55004.15234375,166557.375,202009.109375,38292.17578125,287034.15625
2024-11-28,54222.56640625,159431.9375,203501.796875,38142.40234375,285104.53125
2024-11-29,52952.4921875,158244.359375,205492.03125,40039.5390625,272561.84375
2024-12-02,52366.30078125,157155.75,202506.671875,42086.44921875,270632.21875
2024-12-03,52366.30078125,163192.59375,207979.828125,42885.2421875,265808.09375
2024-12-04,51877.80859375,166260.5,201511.5625,46529.73828125,263396.03125
2024-12-05,52463.99609375,171208.734375,203004.234375,44033.5078125,257124.734375
2024-12-06,52854.79296875,165369.8125,203501.796875,44432.90625,256159.90625
2024-12-09,52170.90625,167151.1875,200516.4375,42236.22265625,244582.03125
2024-12-10,52757.09375,168635.640625,207979.828125,43783.8828125,261466.421875
2024-12-11,52757.09375,170021.15625,216935.890625,44532.75390625,262913.625
2024-12-12,54613.35546875,174276.640625,206984.703125,43634.109375,264843.25
2024-12-13,54808.7578125,173682.859375,208974.953125,45830.79296875,261466.421875
2024-12-16,54320.26171875,177443.5,212955.421875,43883.734375,260983.984375
2024-12-17,52952.4921875,182094.828125,208477.390625,42785.390625,254712.671875
2024-12-18,53636.37890625,181600.015625,211462.75,43334.5625,259054.34375
2024-12-19,51877.80859375,173188.015625,208477.390625,41137.87890625,253747.84375
2024-12-20,51780.109375,166755.3125,208974.953125,40738.484375,250370.96875
2024-12-23,52268.59765625,167843.9375,200018.875,39640.140625,252783.03125
2024-12-24,53147.88671875,166755.3125,201511.5625,39440.4453125,251818.203125
2024-12-26,52366.30078125,168338.75,198924.25,38491.875,246994.109375
2024-12-27,52821.7265625,172693.1875,196734.984375,38791.421875,244582.03125
2024-12-30,52329.90234375,172099.40625,197929.125,38142.40234375,244582.03125
